연관 검색어,PC 월간 검색수,PC 월평균 클릭수,PC 월평균 클릭률,모바일 월간 검색수,모바일 월평균 클릭수,모바일 월평균 클릭율,월평균 노출 광고수,경쟁 정도
금속절곡,70,1.5,2.13,60,0.0,0.0,13,중간
철판절곡,470,7.9,1.74,710,27.0,4.02,15,높음
SUS파이프,500,15.1,3.2,200,9.7,5.44,15,높음
스텐철판,340,15.5,5.08,1000,49.6,5.32,15,높음
파이프밴딩,420,15.3,3.88,610,30.3,5.64,15,높음
알루미늄절곡,190,2.9,1.68,210,7.7,4.04,15,높음
절곡,1650,9.7,0.65,1830,27.7,1.7,15,높음
철판밴딩,100,1.8,1.9,100,2.0,2.11,14,높음
판금,2120,11.2,0.59,4720,7.3,0.17,15,높음
서스파이프,280,9.6,3.62,310,16.0,5.64,15,높음
레이저가공,940,22.8,2.67,770,21.5,3.04,15,높음
레이저절단,380,8.7,2.5,340,9.3,2.97,15,높음
스텐절곡,300,7.8,2.75,680,22.7,3.67,15,높음
레이저커팅,720,9.3,1.44,900,20.3,2.43,15,높음
밴딩,1880,8.0,0.47,3160,31.7,1.07,15,높음
SUS판,220,4.7,2.43,110,0.5,0.5,15,높음
금속제작,150,7.1,4.88,210,16.4,8.11,15,높음
갈바,2810,27.2,1.09,3640,93.3,2.79,15,높음
구로철판,820,12.4,1.68,1120,33.1,3.2,14,높음
판금업체,70,3.3,5.3,10,1.0,5.56,15,높음
철판레이저가공,270,9.1,3.62,420,24.1,5.86,15,높음
스텐제작,230,11.4,5.46,450,30.8,7.33,15,높음
파이프벤딩,130,4.4,3.67,150,6.2,4.23,15,높음
금속레이저,40,0.7,1.56,60,0.7,1.17,15,높음
선반가공,840,4.1,0.55,1690,25.9,1.67,15,높음
정밀판금,60,3.4,6.56,20,1.7,6.67,15,높음
레이저컷팅,440,4.2,1.08,480,8.9,1.98,15,높음
벤딩,910,5.8,0.7,1400,16.3,1.27,15,높음
알미늄계단,30,1.6,4.78,80,1.0,1.39,10,중간
절곡업체,20,0.7,3.17,10,0.0,0.0,14,높음
철제테이블제작,20,1.9,10.18,50,4.0,8.17,15,높음
부산철판절곡,< 10,0.6,12.5,< 10,0.0,0.0,2,중간
파이프제작,60,2.3,3.6,100,2.7,2.9,15,높음
스테인레스프레임,20,0.7,3.05,50,1.0,2.23,12,중간
철판가공,580,15.5,2.86,880,29.8,3.72,15,높음
레이저절곡,140,6.1,4.42,100,1.5,1.46,15,높음
알루미늄가공업체,100,7.1,7.44,100,6.1,6.14,15,높음
알루미늄제작,170,6.7,4.45,250,16.9,7.27,15,높음
스텐절단,70,0.4,0.62,200,0.5,0.26,15,높음
부산철판절단,< 10,0.0,0.0,< 10,0.0,0.0,3,높음
부산절곡,30,4.8,14.44,20,1.0,3.62,3,높음
철판주문제작,60,2.5,4.48,70,3.3,4.91,11,중간
부산레이저,60,0.2,0.36,120,3.5,2.96,14,높음
스테인레스스틸,750,1.8,0.27,1280,2.8,0.23,15,높음
알루미늄CNC가공,140,1.9,1.37,160,8.0,4.94,15,높음
고주파밴딩,80,6.3,7.68,30,0.3,0.74,6,중간
PVC가공,80,4.1,5.17,60,4.3,6.88,15,높음
스테인레스제작,160,8.9,5.84,330,30.8,9.59,15,높음
알루미늄상자,50,0.0,0.0,140,0.5,0.34,13,중간
모형절단,110,3.7,3.67,50,2.3,4.58,15,높음
알루미늄커팅,40,0.7,1.6,30,0.0,0.0,12,중간
철판레이저,50,1.1,2.18,50,0.3,0.67,12,중간
용접공장,10,0.7,4.0,50,0.7,1.6,3,높음
난간포스트,40,1.4,3.76,30,1.0,3.04,14,높음
갈바절곡,140,1.4,1.02,100,0.0,0.0,13,중간
절단절곡,150,5.4,3.56,290,11.7,4.58,15,높음
프레스가공,400,7.6,2.07,220,9.3,4.35,15,높음
SUS가공,90,3.1,3.66,50,1.7,2.88,15,높음
CNC가공업체,100,4.4,4.4,80,6.3,8.12,15,높음
스텐레스가공,40,1.8,4.1,50,2.7,5.68,15,높음
파이프조인트,460,10.5,2.52,820,23.0,3.14,15,높음
스텐주문제작,50,2.5,5.07,70,8.7,11.72,15,높음
NC가공,320,2.7,0.9,280,3.3,1.27,15,높음
레이져절단기,90,2.9,3.34,180,11.7,6.37,15,높음
파이프레이저가공,70,5.1,6.94,30,3.3,10.87,15,높음
금속레이저가공,20,0.8,3.77,20,0.9,3.66,15,높음
금속테이블,40,1.0,2.4,70,0.3,0.33,13,중간
절곡가공,40,0.4,0.98,10,0.0,0.0,15,높음
부산금속제작,10,0.7,6.07,< 10,0.3,5.56,3,높음
부산철판제작,< 10,0.6,9.1,< 10,1.8,30.0,2,중간
5축가공,150,1.3,0.94,120,0.6,0.59,15,높음
스테인레스가공,120,5.5,4.54,130,10.7,8.68,15,높음
레이저가공기,220,3.3,1.62,150,3.4,2.11,15,높음
철제프레임제작,100,3.8,4.42,170,13.3,8.84,15,높음
알루미늄레이저가공,40,0.9,2.06,40,0.4,0.93,12,중간
PCRACK,80,2.1,2.72,30,1.0,3.58,11,중간
판금가공,100,1.7,1.76,60,1.7,3.09,15,높음
철판절단,170,2.3,1.44,260,4.0,1.64,15,높음
금속가공,530,7.9,1.62,540,13.0,2.59,15,높음
알미늄가공,20,1.5,5.65,30,0.0,0.0,15,높음
파이프랙,510,16.5,3.57,470,18.4,4.24,15,높음
레이져가공,< 10,0.0,0.0,< 10,0.0,0.0,15,높음
V컷팅,220,2.9,1.43,200,5.0,2.54,15,높음
밀링가공,240,1.6,0.71,170,0.3,0.2,15,높음
금속가공업체,50,2.5,5.18,30,1.3,4.17,15,높음
판금제작,50,4.7,10.38,30,1.3,4.77,15,높음
알루미늄밴딩,60,2.9,4.5,40,1.0,2.23,11,중간
CNC선반가공,110,2.1,1.83,400,4.7,1.23,15,높음
티타늄가공,120,5.6,5.05,100,6.2,5.98,15,높음
철판제작,190,6.2,3.33,380,20.7,5.79,14,높음
고속절단기,1840,16.0,0.96,5530,158.7,3.11,15,높음
스텐가공,120,6.7,5.65,230,9.3,4.41,15,높음
철재핸드레일,< 10,0.0,0.0,< 10,0.0,0.0,0,낮음
베이스철판,30,0.7,1.92,30,0.0,0.0,12,중간
스텐레스절곡,20,0.7,3.23,40,0.7,1.6,11,중간
구로철판가공,< 10,0.0,0.0,< 10,0.0,0.0,3,높음
임가공,2450,2.5,0.12,2010,0.3,0.02,15,높음
스테인레스주문제작,40,2.1,5.05,60,6.3,11.31,15,높음
알루미늄레이저,20,0.3,1.18,30,0.0,0.0,14,높음
레이저절단절곡,30,0.6,1.78,30,0.0,0.0,15,높음
알루미늄원형파이프,70,2.2,3.53,60,0.3,0.53,13,중간
인테리어철판,40,0.3,0.64,90,0.3,0.38,11,중간
가공업체,140,4.2,3.19,70,2.7,4.45,15,높음
기계가공,250,1.6,0.69,230,4.7,2.1,15,높음
레이저임가공,10,0.1,1.03,< 10,0.0,0.0,15,높음
금속,1720,5.5,0.36,3110,17.7,0.62,15,높음
PC가공,60,1.5,2.52,30,2.3,8.65,15,높음
스테인리스제작,70,2.5,3.8,110,8.9,8.85,15,높음
황동가공,50,1.7,3.42,40,1.5,3.34,15,높음
시화공단절곡,< 10,0.0,0.0,< 10,1.0,33.34,2,중간
금속각도절단기,110,1.3,1.54,410,9.3,2.44,14,높음
시화절곡,< 10,0.0,0.0,< 10,0.0,0.0,0,낮음
동판절단,10,0.4,3.97,< 10,0.0,0.0,11,중간
금속글자,10,0.6,4.77,30,0.3,1.08,7,중간
금속글씨,< 10,0.0,0.0,10,0.0,0.0,3,높음
휀스제작,30,1.0,3.04,30,3.0,10.35,15,높음
전원주택우체통,60,1.4,2.44,370,23.7,6.81,14,높음
철재인테리어소품,< 10,0.1,0.96,30,2.7,7.62,15,높음
스테인레스인테리어,20,0.0,0.0,70,0.3,0.56,3,높음
알루미늄레이저절단,10,0.4,2.78,10,0.0,0.0,3,높음
인천레이저절단,< 10,0.7,11.77,< 10,0.0,0.0,3,높음
철판임가공,< 10,0.0,0.0,< 10,0.0,0.0,3,높음
스텐레이저가공,20,3.7,20.38,30,0.4,1.39,3,낮음
스텐앵글,370,13.5,4.0,860,51.2,6.47,15,높음
스테인레스커팅,< 10,0.0,0.0,< 10,0.8,40.0,3,높음
판금레이저,10,0.3,3.04,< 10,0.4,7.15,3,높음
펀칭제작,< 10,2.5,28.0,10,1.7,12.91,3,높음
제어박스,20,0.7,2.82,20,1.3,9.53,14,높음
철난간,20,0.5,2.1,50,1.3,2.66,13,중간
철박스제작,10,2.3,19.45,10,0.7,6.46,3,높음
철상자,40,0.8,2.12,100,0.5,0.52,12,중간
철제케이스제작,10,1.0,6.67,10,1.0,7.7,14,높음
철제통,30,0.5,1.43,180,2.0,1.22,10,중간
철케이스제작,< 10,0.1,1.48,< 10,1.0,16.67,14,높음
철판제조,10,0.0,0.0,10,0.0,0.0,3,높음
케이스가공,< 10,0.6,11.12,< 10,0.0,0.0,11,중간
케이스판금,< 10,0.0,0.0,< 10,1.0,25.0,3,높음
콘솔데스크제작,10,1.2,8.91,< 10,0.0,0.0,14,높음
콘솔랙,10,1.7,11.12,10,0.0,0.0,3,높음
통신외함,< 10,0.0,0.0,< 10,0.0,0.0,0,낮음
스텐케이스,30,0.7,2.03,70,1.3,1.74,15,높음
스텐케이스제작,< 10,0.0,0.0,10,0.3,4.17,3,높음
외함,300,3.3,1.22,200,1.3,0.69,13,중간
레이져판금,< 10,0.4,10.0,< 10,0.4,11.12,3,높음
로봇용접,80,0.4,0.59,180,1.0,0.61,14,높음
산업용다이,10,0.4,3.58,10,0.0,0.0,2,중간
스테인레스업체,< 10,0.3,6.67,10,0.3,1.86,3,높음
CASE,4060,0.6,0.02,9600,7.7,0.09,10,중간
NCT절곡,10,0.4,2.78,10,0.0,0.0,3,높음
NCT정밀판금,< 10,0.0,0.0,< 10,0.0,0.0,3,높음
RACKCASE,20,1.2,5.08,10,0.0,0.0,11,중간
금속가공기계,20,0.2,1.13,10,0.0,0.0,15,높음
스텐글씨,< 10,0.0,0.0,< 10,0.6,9.1,1,중간
금속케이스,40,1.4,3.59,60,3.0,4.79,15,높음
LASER,1860,1.6,0.1,3310,1.0,0.04,15,높음
SUS레이저가공,< 10,0.4,4.17,< 10,0.0,0.0,3,높음
평철절곡,10,1.7,8.63,20,0.8,4.35,3,높음
브이컷팅,20,0.0,0.0,40,0.4,1.06,3,높음
원형파이프절단,10,1.7,21.06,10,0.0,0.0,2,중간
대형절곡,20,2.4,14.29,10,0.0,0.0,2,낮음
판금케이스제작,< 10,1.3,33.34,< 10,0.0,0.0,3,높음
철판레이져,< 10,0.0,0.0,< 10,0.0,0.0,3,높음
인천레이저커팅,< 10,0.0,0.0,< 10,0.0,0.0,3,높음
인천레이저가공,10,1.2,6.52,< 10,0.0,0.0,11,중간
철재프레임,230,2.7,1.17,710,17.7,2.71,15,높음
SUS절곡,30,1.4,4.13,10,0.0,0.0,3,높음
정밀절곡,< 10,0.0,0.0,< 10,0.0,0.0,2,중간
금속레이저절단,< 10,0.6,9.22,10,0.4,3.58,11,중간
스틸절곡,< 10,0.3,4.77,10,0.0,0.0,3,높음
철판절단절곡,30,1.8,5.11,20,0.0,0.0,15,높음
절곡프로그램,< 10,0.0,0.0,< 10,0.0,0.0,3,높음
절곡기계,20,1.3,9.53,10,0.0,0.0,3,높음
레이저정밀가공,< 10,1.3,22.23,< 10,0.0,0.0,3,높음
레이저컷팅가격,< 10,0.0,0.0,< 10,0.0,0.0,13,중간
레이저미세가공,10,0.1,1.17,< 10,0.0,0.0,9,중간
레이저가공기술,< 10,0.3,11.12,10,0.7,8.0,3,높음
레이저가공견적,< 10,0.3,8.89,< 10,0.3,25.0,15,높음
금속레이저컷팅,20,1.0,3.86,20,0.0,0.0,12,중간
알루미늄방수케이스,< 10,1.0,33.34,< 10,0.5,50.0,3,높음
ALBOX,50,2.1,4.66,260,0.6,0.29,2,중간
알루미늄함체,< 10,0.4,4.55,< 10,0.5,50.0,3,높음
알루미늄엔클로저,60,0.0,0.0,20,0.0,0.0,3,높음
알미늄절곡,10,0.6,5.36,50,0.0,0.0,5,중간
인천레이저,10,0.1,0.81,30,0.3,0.99,15,높음
알미늄절단,10,0.1,0.92,30,0.0,0.0,14,높음
수원레이저가공,10,0.4,3.1,< 10,0.0,0.0,8,중간
파이프레이져가공,< 10,0.0,0.0,< 10,0.0,0.0,0,낮음
레이저컷팅비용,< 10,0.3,5.69,< 10,0.0,0.0,15,높음
후판절단,< 10,0.0,0.0,< 10,0.0,0.0,3,높음
철판판금,< 10,0.0,0.0,< 10,0.0,0.0,2,중간
레이져컷팅,< 10,0.3,13.34,< 10,0.3,4.77,15,높음
금속절단,70,0.0,0.0,130,1.0,0.81,15,높음
레이저컷팅업체,< 10,0.0,0.0,< 10,0.0,0.0,15,높음
동판절곡,10,1.2,11.54,10,0.0,0.0,3,높음
파이프레이져,< 10,0.1,2.23,< 10,0.7,13.34,15,높음
스텐철판가공,< 10,0.3,4.77,< 10,0.5,5.0,3,높음
인천철판가공,< 10,0.7,16.67,< 10,0.0,0.0,3,높음
시화공단레이저,< 10,0.4,4.77,< 10,0.0,0.0,3,높음
대형레이져,< 10,0.7,18.19,< 10,0.0,0.0,3,높음
서브렉,10,0.7,4.66,10,0.4,2.39,3,높음
샤링절곡,10,1.0,7.7,30,0.4,1.43,3,높음
파이프컷팅기,70,1.1,1.56,150,9.3,6.73,15,높음
파이프커팅기,70,0.8,1.08,160,4.7,3.0,14,높음
부산파이프절단,10,0.0,0.0,< 10,0.0,0.0,3,높음
파이프벤더,190,2.5,1.43,240,2.7,1.15,15,높음
SUS레이저,< 10,0.3,4.17,< 10,0.0,0.0,3,높음
커팅,580,0.3,0.06,1170,0.0,0.0,15,높음
경판가공,30,1.8,5.97,10,0.0,0.0,10,중간
절단가공,20,0.3,1.29,< 10,0.0,0.0,15,높음
성해산업,10,0.6,3.45,10,1.0,5.56,2,중간
SUS절단,10,0.1,0.4,10,0.3,3.34,15,높음
부천레이저,20,0.4,2.1,40,0.0,0.0,14,높음
철판레이저커팅,20,0.7,3.13,10,0.0,0.0,3,높음
레이저센터,140,7.9,6.01,90,2.5,2.92,7,중간
파이프벤딩기,210,5.2,2.74,320,11.4,3.59,15,높음
절단업체,20,0.1,0.54,10,0.0,0.0,15,높음
기계프레임,< 10,0.0,0.0,< 10,0.0,0.0,3,높음
기계커버,20,0.5,2.07,10,0.0,0.0,15,높음
기계카바,< 10,0.3,3.81,< 10,0.0,0.0,15,높음
스틸폼,60,1.1,1.92,120,0.3,0.22,14,높음
금속레터링,< 10,0.0,0.0,20,0.0,0.0,1,중간
스텐밴딩,50,1.0,2.28,80,0.0,0.0,3,높음
스텐레이저커팅,< 10,0.7,18.19,10,0.7,3.71,3,높음
SUS밴딩,10,0.0,0.0,< 10,0.5,7.7,3,높음
파이프절단기,470,17.7,3.92,1300,46.8,4.04,15,높음
철판벤딩,40,1.7,4.29,20,0.0,0.0,13,중간
알루미늄부품,20,0.9,3.77,20,1.3,6.35,13,중간
파이프밴딩기,830,23.7,3.19,2170,70.1,3.54,15,높음
알루미늄컷팅,20,0.1,1.05,50,0.0,0.0,15,높음
파이프견적,< 10,0.3,3.34,< 10,0.5,8.34,15,높음
철판절단기,160,2.8,1.83,500,14.7,3.24,15,높음
부산철판가공,< 10,0.4,4.0,10,0.6,4.77,3,높음
금속밴딩,20,1.4,6.56,30,0.0,0.0,3,높음
금속벤딩,< 10,0.0,0.0,< 10,0.0,0.0,3,높음
금속가공제품제조업,70,1.3,1.84,90,0.7,0.87,10,중간
알루미늄단자함,< 10,0.0,0.0,< 10,0.0,0.0,2,중간
광주철판가공,< 10,0.7,11.12,< 10,0.0,0.0,3,높음
부산레이저가공,30,2.4,8.47,20,0.0,0.0,11,중간
철제가공,10,1.3,6.77,30,1.0,3.49,7,중간
레이저커팅기,1470,22.4,1.67,2470,44.3,1.9,15,높음
부산절단절곡,< 10,0.7,13.34,< 10,0.8,16.67,3,높음
스텐절단절곡,20,1.0,4.17,40,0.7,2.09,3,높음
평철가공,20,0.8,3.73,10,0.0,0.0,8,중간
철판레이저컷팅,10,0.0,0.0,10,0.3,2.09,3,낮음
안산레이저가공,10,0.9,10.23,10,1.1,8.11,10,중간
S45C철판,40,2.2,6.75,10,0.0,0.0,3,높음
무늬철판,430,17.1,4.3,390,19.7,5.33,15,높음
절단,1070,0.7,0.07,1710,0.7,0.05,15,높음
부산레이저절단,< 10,0.0,0.0,< 10,0.0,0.0,8,중간
프레스임가공,10,0.8,10.0,< 10,0.8,25.0,3,높음
파이프절곡,60,0.7,1.43,90,1.3,1.61,14,높음
스텐레스절단,10,0.1,0.36,50,0.0,0.0,15,높음
레이져절곡,< 10,0.0,0.0,< 10,0.0,0.0,0,낮음
대구절곡,20,0.5,2.44,50,0.8,1.89,2,중간
레이져용접,130,1.9,1.54,180,3.7,2.12,15,높음
레이저장비,70,2.5,3.79,90,0.0,0.0,15,높음
시화레이저,< 10,0.0,0.0,< 10,0.0,0.0,3,높음
레이저가공업체,20,0.3,1.03,10,0.5,4.17,15,높음
플라즈마절단,110,0.7,0.69,90,0.0,0.0,15,높음
V커팅,70,0.8,1.07,70,0.3,0.45,13,중간
레이저커팅가공,< 10,0.0,0.0,< 10,0.0,0.0,2,중간
옥외함,20,0.4,2.26,< 10,0.3,6.67,12,중간
앵글벤딩,10,0.3,3.34,< 10,0.0,0.0,3,높음
H빔밴딩,20,1.7,9.26,10,0.0,0.0,3,높음
안성레이저가공,10,0.4,3.34,< 10,0.0,0.0,3,높음
파주레이저가공,< 10,0.0,0.0,< 10,0.0,0.0,3,높음
수원절곡,< 10,0.0,0.0,10,0.0,0.0,3,높음
화성레이저가공,10,0.0,0.0,< 10,0.0,0.0,3,높음
각파이프절단,60,0.8,1.42,80,0.7,0.88,13,중간
레이저용접업체,< 10,1.0,20.0,< 10,0.0,0.0,3,높음
금형용접,20,0.3,1.39,20,0.0,0.0,3,높음
포천레이저,< 10,0.0,0.0,< 10,0.0,0.0,3,높음
스텐판절곡,20,1.3,7.41,30,0.4,1.27,3,낮음
스테인레스절곡,40,1.5,3.5,80,0.0,0.0,11,중간
벤딩업체,10,0.8,5.89,20,0.0,0.0,11,중간
LASERWELDING,30,0.9,2.72,10,0.0,0.0,10,중간
철판롤링,30,0.9,3.14,10,1.1,7.9,10,중간
금형프레스,50,0.4,0.9,80,1.5,2.09,14,높음
CNC절곡,20,0.0,0.0,30,0.0,0.0,3,높음
NCT판금,40,0.8,1.88,20,0.0,0.0,12,중간
전기함,260,4.0,1.7,490,9.7,2.04,15,높음
판금설계,100,0.5,0.57,70,0.0,0.0,15,높음
태양광클램프,60,1.3,2.36,50,1.3,2.78,8,중간
인천절곡,10,1.1,10.35,< 10,0.0,0.0,3,높음
절곡집,40,1.8,4.17,90,2.5,3.43,3,높음
밴딩업체,30,1.0,2.69,40,0.0,0.0,14,높음
부산스텐용접,< 10,0.0,0.0,< 10,0.0,0.0,2,중간
절곡레이저,< 10,0.0,0.0,10,0.0,0.0,3,높음
판가공,< 10,0.3,5.0,< 10,0.0,0.0,3,높음
김포절곡,10,0.3,3.71,< 10,0.0,0.0,3,높음
LASERCUTTING,40,0.9,2.24,10,0.3,2.09,14,높음
파이프컷팅,30,0.1,0.21,50,0.0,0.0,15,높음
파이프절단업체,10,2.0,20.0,< 10,0.0,0.0,3,높음
대구레이저절단,10,1.2,12.0,< 10,0.0,0.0,3,높음
김해레이저가공,10,0.4,5.0,10,0.0,0.0,3,높음
대구절단절곡,< 10,1.5,21.43,10,0.0,0.0,2,중간
울산레이저절단,10,1.3,14.29,< 10,0.5,25.0,2,중간
울산철판가공,< 10,0.0,0.0,< 10,0.7,33.34,0,낮음
CNC절단,30,0.5,1.56,20,0.0,0.0,15,높음
고주파벤딩,90,5.2,6.53,40,0.7,1.97,4,낮음
알루미늄벤딩,40,1.7,4.11,20,0.7,2.9,13,중간
창원레이저절단,< 10,0.0,0.0,< 10,0.6,6.67,3,높음
레이져절단,< 10,0.1,4.45,< 10,0.0,0.0,15,높음
창원레이저가공,< 10,0.7,16.67,< 10,0.0,0.0,3,높음
남양주레이저,< 10,0.2,10.0,< 10,0.0,0.0,5,중간
레이저커터,120,0.5,0.51,170,5.7,3.4,15,높음
스테인레스레이저가공,< 10,1.1,18.75,10,0.0,0.0,3,높음
스테인레스절단,40,0.4,1.1,90,1.3,1.41,13,중간
브이커팅,10,0.0,0.0,10,0.0,0.0,3,높음
부산레이저용접,10,0.0,0.0,20,0.0,0.0,2,중간
부산레이저절곡,< 10,1.4,20.0,< 10,0.0,0.0,2,중간
스테인리스절곡,20,0.0,0.0,20,0.0,0.0,3,높음
CNC펀칭,10,1.6,23.08,10,0.0,0.0,2,중간
코일절단기,< 10,0.0,0.0,10,1.0,9.1,2,중간
아연도금강판,580,8.2,1.53,480,16.7,3.76,14,높음
자동문제작,20,1.0,4.54,20,1.7,6.18,14,높음
스텐가공업체,10,0.9,9.73,10,0.0,0.0,8,중간
철가공,70,2.5,3.58,110,5.0,4.47,15,높음
임가공업체,100,0.9,0.95,50,0.0,0.0,15,높음
알루미늄절단,130,1.8,1.42,210,2.0,1.12,15,높음
절곡비용,10,0.0,0.0,10,0.0,0.0,3,높음
금속레이저컷팅기,< 10,0.0,0.0,10,0.0,0.0,6,중간
금속레이저커팅기,10,1.8,11.46,10,0.3,2.78,12,중간
철판홀가공,< 10,0.3,6.67,20,0.0,0.0,3,높음
로링,140,0.4,0.27,330,0.3,0.11,14,높음
동원밴딩,10,0.6,5.27,< 10,0.0,0.0,2,중간
냉간벤딩,< 10,0.3,5.56,< 10,0.4,12.5,3,높음
일산렉산,< 10,0.3,7.9,10,1.0,5.56,10,중간
동원벤딩,< 10,0.0,0.0,< 10,1.0,33.34,2,중간
시흥스텐,10,0.9,7.41,10,0.0,0.0,2,중간
일산절곡,10,1.7,13.89,< 10,0.0,0.0,3,높음
김해레이저절단,10,1.1,10.35,10,0.0,0.0,3,높음
안산레이저,30,0.1,0.43,60,0.0,0.0,8,중간
H빔벤딩,< 10,2.0,40.0,< 10,0.3,4.17,3,높음
시흥레이저가공,< 10,0.0,0.0,< 10,0.0,0.0,3,높음
스텐레스판,200,5.6,3.14,360,17.7,5.13,15,높음
대구레이저가공,20,1.3,7.02,30,0.3,1.08,3,높음
철재프레임제작,10,0.2,1.86,40,1.0,2.44,14,높음
NCT레이저,10,1.0,12.5,10,0.0,0.0,1,중간
김포레이저가공,< 10,0.0,0.0,< 10,0.3,11.12,3,높음
갈바철판,220,4.9,2.31,150,2.0,1.28,12,중간
한국특수레이져금속,< 10,2.0,25.0,< 10,0.0,0.0,1,중간
한국특수레이져,< 10,0.5,6.67,< 10,0.0,0.0,2,중간
한국특수레이저금속,< 10,1.0,20.0,< 10,0.0,0.0,1,중간
레이저절단가공,< 10,0.3,4.77,< 10,0.0,0.0,3,높음
함석판,1650,27.4,1.8,5050,90.3,1.83,15,높음
절곡절단,10,0.3,2.23,20,0.8,4.66,3,높음
철판경사로,20,1.9,12.5,< 10,0.0,0.0,3,높음
철판덮개,30,0.0,0.0,40,1.2,2.74,3,낮음
체크발판,20,1.3,8.89,20,0.0,0.0,3,높음
EGI판,50,1.3,2.86,10,0.7,3.71,9,중간
SUS체크플레이트,< 10,0.0,0.0,< 10,0.0,0.0,1,중간
문래동절곡,< 10,1.0,100.0,10,0.0,0.0,1,중간
문래동철강,30,0.9,5.0,30,0.0,0.0,1,중간
문래동철판,< 10,0.0,0.0,30,0.0,0.0,1,중간
알류미늄판,< 10,0.0,0.0,10,0.7,4.17,0,낮음
부천레이저가공,< 10,0.3,5.0,< 10,0.0,0.0,3,높음
대구철판가공,< 10,1.5,18.19,< 10,0.0,0.0,3,높음
알루미늄프레임,460,13.1,3.18,500,13.7,2.89,15,높음
경북벤딩,< 10,0.5,16.67,< 10,0.0,0.0,2,중간
대구벤딩,10,1.6,22.23,20,2.5,15.63,3,높음
철판절단판매,10,2.2,10.84,20,1.7,6.42,10,중간
남양주철강,10,0.3,2.02,50,1.7,3.88,10,중간
경기도광주철강,10,0.7,6.67,10,0.0,0.0,3,높음
시흥시철강,< 10,0.0,0.0,< 10,0.0,0.0,3,높음
일산철강,10,1.0,9.38,20,0.0,0.0,3,높음
수원철강,20,2.2,8.0,100,4.7,4.78,7,중간
프라즈마절단,50,1.0,1.92,50,1.3,2.97,15,높음
경사로제작,40,1.8,4.74,40,2.0,5.72,14,높음
SUS체크판,10,0.8,6.9,< 10,0.0,0.0,2,중간
맨홀제작,50,1.8,3.81,10,0.6,5.72,15,높음
철판가공업체,10,0.8,9.81,10,0.8,7.32,13,중간
철판샤링,60,0.9,1.59,50,0.0,0.0,10,중간
스텐맨홀뚜껑,10,0.0,0.0,< 10,0.0,0.0,1,중간
스텐판절단,10,1.5,18.75,20,1.9,16.0,4,낮음
철제발판,60,1.3,2.23,100,1.0,1.04,15,높음
사각맨홀,550,22.8,4.65,490,22.3,4.72,15,높음
평철제작,10,0.0,0.0,10,0.0,0.0,1,중간
스텐뚜껑,100,0.5,0.51,650,1.3,0.21,15,높음
차량진입판제작,10,0.6,4.09,30,3.0,9.68,14,높음
미끄럼방지철판,60,0.5,0.9,100,1.3,1.52,6,중간
EGI철판,120,2.0,1.75,60,2.7,4.38,14,높음
문턱경사로,100,0.5,0.49,180,0.8,0.45,15,높음
판금기계,10,0.9,4.97,10,1.0,6.25,9,중간
키오스크판금,< 10,0.0,0.0,< 10,0.0,0.0,2,중간
판금종류,< 10,0.0,0.0,< 10,0.0,0.0,3,높음
판금비용,30,0.1,0.27,160,0.0,0.0,13,중간
부산스텐제작,10,1.1,6.78,10,0.7,3.93,7,중간
스텐파이프가공,80,3.5,4.51,140,2.3,1.71,12,중간
차량진입발판,10,0.3,1.74,30,0.7,1.97,12,중간
철판로링,10,0.5,2.95,10,0.0,0.0,2,중간
철판발판,10,0.0,0.0,20,0.0,0.0,3,높음
철판타공판,10,1.8,14.71,20,0.3,1.3,6,중간
체크무늬철판,60,1.4,2.57,70,0.5,0.79,14,높음
체크무늬판,10,0.7,3.93,20,0.0,0.0,3,높음
체크플레이트,700,18.3,2.89,570,27.5,5.07,14,높음
타공판가공,< 10,0.0,0.0,< 10,0.0,0.0,1,중간
타공판절곡,< 10,0.4,20.0,< 10,0.0,0.0,3,낮음
트렌치,4080,81.5,2.26,6870,220.8,3.66,15,높음
스텐덮개,20,0.3,1.45,120,0.3,0.29,3,높음
스텐발판,60,0.7,1.27,130,0.3,0.28,12,중간
알루미늄발판,230,3.3,1.53,420,16.7,4.06,15,높음
알루미늄철판,100,2.7,2.96,170,1.9,1.2,6,중간
알루미늄판절곡,10,2.5,50.0,20,1.0,9.1,2,중간
알미늄발판,40,2.5,6.82,110,2.7,2.54,9,중간
알미늄체크판,50,1.4,3.11,160,13.3,8.39,13,중간
계단철판,40,0.0,0.0,90,0.0,0.0,3,높음
함석판가공,< 10,1.0,50.0,< 10,0.0,0.0,1,중간
입구발판,160,1.2,0.77,410,0.3,0.07,15,높음
계단절곡,< 10,0.4,12.5,< 10,0.0,0.0,3,높음
맨홀덮개,110,2.3,2.26,170,0.7,0.41,10,중간
맨홀뚜껑제작,20,0.4,1.78,20,0.7,4.45,11,중간
멘홀뚜껑,50,1.0,2.07,100,3.0,2.78,14,높음
무늬철판계단,10,1.0,8.58,10,0.0,0.0,3,높음
무늬판,20,1.5,6.42,30,0.0,0.0,8,중간
미끄럼방지계단,20,0.2,0.8,140,4.0,2.67,15,높음
브라켓제작,80,2.8,3.8,90,0.0,0.0,14,높음
사각맨홀뚜껑,200,7.6,4.01,400,20.3,4.96,14,높음
경사로발판,70,1.5,2.16,100,5.0,5.44,15,높음
경사로진입판,50,1.3,2.64,60,0.7,0.92,15,높음
계단경사로,60,1.3,2.37,150,5.3,3.66,15,높음
레이져컷팅기,< 10,0.0,0.0,< 10,0.3,3.13,15,높음
대전철판가공,< 10,1.0,12.5,< 10,0.0,0.0,3,높음
판금집,10,0.5,4.77,10,0.5,5.27,2,중간
금속레이저커팅,20,0.4,1.74,20,1.0,4.55,14,높음
앵글밴딩,10,1.3,7.29,10,0.7,4.45,8,중간
칼라스텐,130,8.0,6.59,140,17.1,13.24,14,높음
자동온도조절장치,50,0.5,0.97,50,1.0,1.67,15,높음
현관문번호키,1130,17.4,1.71,7920,229.4,3.11,15,높음
정밀공업,30,0.0,0.0,30,0.0,0.0,3,높음
미세가공,10,0.0,0.0,10,0.0,0.0,3,높음
3D도면설계,10,1.3,8.89,< 10,0.0,0.0,3,높음
성남절곡,< 10,0.0,0.0,< 10,0.0,0.0,2,중간
알루미늄선반가공,10,0.7,7.15,10,0.0,0.0,3,높음
무산소동가공,< 10,1.0,12.5,< 10,0.0,0.0,1,중간
표면처리종류,20,0.6,2.5,10,0.0,0.0,2,중간
표면처리규격,10,0.0,0.0,< 10,0.0,0.0,1,중간
제주절곡,10,0.7,6.67,10,0.0,0.0,3,높음
스테인레스CNC,< 10,0.8,16.67,< 10,0.0,0.0,1,중간
아크릴탭가공,< 10,0.5,8.34,< 10,0.0,0.0,2,중간
아크릴곡면가공,< 10,0.0,0.0,< 10,0.0,0.0,1,중간
스텐파이프절단,40,0.8,1.87,50,0.5,1.07,15,높음
곡면가공,< 10,0.7,9.53,< 10,0.0,0.0,3,높음
육면가공,10,1.5,13.64,10,0.0,0.0,2,중간
파주철공소,< 10,0.7,13.34,30,0.0,0.0,3,낮음
알루미늄가공,590,13.2,2.39,540,13.2,2.65,15,높음
NC절곡기,< 10,0.7,10.0,10,0.0,0.0,3,높음
평판가공,< 10,0.0,0.0,< 10,0.0,0.0,2,중간
스텐벤딩,10,0.2,1.24,10,0.0,0.0,9,중간
파이프형상가공,< 10,0.0,0.0,< 10,0.0,0.0,3,높음
프라즈마가공,10,1.8,15.39,< 10,0.0,0.0,2,중간
홀가공업체,< 10,0.0,0.0,< 10,0.0,0.0,3,높음
서스파이프규격,120,2.1,1.86,60,0.0,0.0,3,낮음
심가공,20,2.0,11.77,< 10,0.0,0.0,1,중간
알루미늄후가공,< 10,0.3,5.56,< 10,0.0,0.0,3,높음
탭가공규격,20,0.0,0.0,20,0.0,0.0,2,중간
소형케이스,30,0.1,0.39,70,0.0,0.0,15,높음
레이져커팅기,< 10,0.0,0.0,10,0.0,0.0,15,높음
스테인리스가공,50,2.1,4.57,60,1.7,3.21,15,높음
외함제작,30,2.0,6.53,< 10,0.0,0.0,13,중간
알루미늄판가공,60,1.9,3.23,40,0.0,0.0,15,높음
레이저용접,420,3.5,0.91,500,12.3,2.66,15,높음
레이져커팅,< 10,0.0,0.0,< 10,0.0,0.0,15,높음
파이프자동절단기,10,1.0,8.07,20,0.7,3.34,14,높음
파이프고속절단기,< 10,1.1,13.73,< 10,0.0,0.0,6,중간
화이버레이저,140,1.8,1.36,110,7.9,6.53,15,높음
파이프레이저절단,10,0.8,3.98,20,0.0,0.0,9,중간
파이버레이저절단기,20,1.0,4.84,10,0.0,0.0,6,중간
금속가공기,10,0.0,0.0,< 10,0.0,0.0,3,높음
파이버레이저컷팅기,< 10,0.7,13.34,< 10,0.0,0.0,3,높음
정밀가공,240,4.5,2.09,220,7.7,3.55,15,높음
파이프가공업체,10,0.1,1.13,< 10,0.0,0.0,15,높음
철구조물제작,60,3.1,5.81,70,3.7,5.43,15,높음
유리절단,160,0.9,0.58,540,7.7,1.55,14,높음
스텐물받이,70,2.0,2.73,220,2.3,1.09,10,중간
금속용접,20,0.1,0.71,40,0.7,1.81,15,높음
철근원곡기,10,0.9,5.89,10,0.0,0.0,7,중간
파이프절단,200,2.9,1.55,200,2.4,1.25,15,높음
서스가공,30,0.3,1.35,50,0.0,0.0,15,높음
시화모형절단,< 10,2.0,28.58,< 10,0.0,0.0,2,중간
후판가공,< 10,0.0,0.0,< 10,0.0,0.0,3,높음
플라스틱타공,30,0.0,0.0,100,1.9,1.85,3,높음
유공철판,10,2.0,25.0,10,1.0,10.0,1,중간
유공판,90,2.7,3.23,100,8.1,9.2,13,중간
금속흡음재,50,1.3,2.67,< 10,0.0,0.0,3,높음
대구타공,10,0.6,7.7,10,1.5,37.5,2,중간
마이크로타공망,< 10,0.5,12.5,< 10,0.5,8.34,2,중간
금속외장재,30,2.3,7.45,20,1.7,10.64,11,중간
유공판넬,30,1.8,6.21,10,1.0,11.54,11,중간
양산파이프,10,2.5,20.59,10,0.4,2.78,3,높음
스테인레스공예,< 10,2.0,50.0,10,0.0,0.0,1,중간
광주레이저가공,20,0.7,3.45,< 10,0.0,0.0,3,높음
스테인리스제품,< 10,0.0,0.0,10,0.0,0.0,1,중간
SUS용접,100,0.5,0.49,70,0.0,0.0,15,높음
냉간밴딩,< 10,0.0,0.0,< 10,0.0,0.0,2,중간
스틸가공,40,0.7,1.81,10,0.0,0.0,15,높음
PVC타공판,10,4.0,44.45,10,0.0,0.0,1,중간
스텐구조물,10,1.1,6.05,10,0.8,4.69,14,높음
울산레이저가공,10,1.6,16.0,10,0.7,7.15,3,낮음
레이저커팅업체,10,0.7,8.15,20,0.0,0.0,15,높음
레이저타공,80,2.5,3.44,130,9.3,7.59,13,중간
파이프레이저컷팅,< 10,0.0,0.0,< 10,0.0,0.0,2,중간
스틸프레임제작,< 10,1.3,20.84,< 10,0.3,4.35,4,낮음
스테인레스사각관,10,0.0,0.0,< 10,0.0,0.0,2,중간
탭가공,300,2.1,0.73,230,1.8,0.8,15,높음
판금제조,< 10,0.0,0.0,< 10,0.0,0.0,3,높음
소형레이저절단기,20,0.6,3.38,20,0.0,0.0,14,높음
금속가구제작,40,2.1,4.81,20,0.7,2.86,15,높음
정밀레이저가공,< 10,2.9,41.67,< 10,0.0,0.0,2,중간
NCT펀칭,10,1.0,10.0,< 10,0.0,0.0,3,높음
안산절곡,10,1.0,9.1,20,0.0,0.0,2,중간
금속작업,10,0.3,2.47,20,0.7,4.26,6,중간
레이저판금,30,2.0,7.06,20,0.7,3.08,5,중간
절단기,2190,14.0,0.71,5570,69.8,1.35,15,높음
브라켓가공,10,0.0,0.0,20,0.7,2.67,3,높음
EX망,170,9.1,5.88,90,7.3,7.89,12,중간
스탠제작,10,0.5,3.56,20,0.7,2.57,13,중간
밴딩가공,10,0.0,0.0,10,0.7,4.77,3,높음
금속주문제작,30,1.3,3.71,40,2.7,5.6,15,높음
동파이프밴딩,30,0.9,3.0,40,0.7,1.39,10,중간
파이버레이저,330,5.7,1.87,430,12.0,3.19,15,높음
대구타공판,10,5.1,30.0,10,2.5,25.0,5,중간
갈바작업,60,1.1,2.12,170,1.0,0.64,12,중간
트랜지,150,2.8,1.91,960,24.3,2.71,14,높음
스텐체크판,60,2.2,3.85,80,0.8,1.03,6,중간
프로파일밴딩,10,0.7,5.0,< 10,0.5,7.15,3,높음
남동공단레이저,< 10,0.0,0.0,< 10,0.0,0.0,2,중간
주방배수로,< 10,1.2,30.0,10,1.1,9.53,3,높음
주방트렌치,240,8.1,3.53,440,31.6,7.77,15,높음
스텐트렌치,170,7.8,4.89,330,22.3,6.89,15,높음
스틸그래이팅,70,3.0,4.76,90,6.7,6.95,14,높음
원자재,4690,1.2,0.03,10200,0.3,0.01,12,중간
배수트렌치,270,7.2,2.76,310,12.0,4.33,15,높음
배터리케이스,420,2.5,0.63,1370,40.3,3.08,15,높음
보링그라우팅,240,1.9,0.88,240,9.3,4.19,15,높음
서스철판,40,0.0,0.0,60,0.0,0.0,2,중간
그레이팅가격,30,2.1,7.7,60,10.0,15.63,15,높음
그리스트랩도면,70,5.5,8.4,80,2.7,3.76,6,중간
전기자전거배터리케이스,10,0.0,0.0,20,1.1,5.41,2,중간
무소음트렌치,1430,33.9,2.76,1030,47.6,5.15,15,높음
인테리어금속,20,0.7,3.18,70,2.7,4.17,15,높음
대구파이프레이저,< 10,0.0,0.0,< 10,0.0,0.0,3,높음
금속커팅,10,0.0,0.0,10,0.3,2.23,14,높음
철재제작,10,0.5,2.48,50,0.5,1.12,15,높음
평철밴딩,30,0.0,0.0,20,0.0,0.0,3,높음
화성밴딩,10,0.3,3.71,20,0.5,2.18,3,높음
화성벤딩,10,0.0,0.0,10,0.0,0.0,3,높음
코일밴딩,< 10,1.0,20.0,10,0.0,0.0,3,높음
각관벤딩,10,2.6,17.65,< 10,0.0,0.0,2,중간
튜브밴딩,30,0.5,1.6,70,0.0,0.0,9,중간
사각파이프밴딩,20,0.7,3.34,20,0.3,1.86,3,높음
사각파이프벤딩,< 10,0.3,6.67,< 10,1.1,17.65,3,높음
각관밴딩,20,1.1,4.92,30,0.0,0.0,3,높음
코일벤딩,10,1.7,18.52,< 10,0.0,0.0,3,높음
각파이프밴딩,70,5.2,7.22,110,1.7,1.7,8,중간
NCT가공,240,4.7,2.14,230,5.7,2.65,15,높음
철재구조물,10,0.3,2.39,10,0.7,6.67,3,높음
CNC업체,20,0.3,1.45,20,0.3,1.52,15,높음
트렌치커버,350,10.5,3.35,400,18.8,5.14,15,높음
환봉벤딩,10,0.0,0.0,10,0.5,3.85,3,높음
베벨가공,20,0.7,3.04,10,0.0,0.0,3,높음
스텐판,980,20.9,2.36,2410,79.3,3.48,15,높음
각파이프레이저,< 10,0.0,0.0,10,1.0,10.0,1,중간
벤딩가공,< 10,0.0,0.0,< 10,0.0,0.0,3,높음
각파이프규격,4210,57.4,1.51,3200,200.4,6.83,11,중간
사각파이프,2030,47.3,2.56,3280,123.8,4.17,15,높음
구조관,130,2.6,2.33,110,0.8,0.71,12,중간
아연각파이프,670,24.7,4.02,1280,72.3,6.31,15,높음
파이프포밍,30,1.9,7.1,20,1.3,5.8,5,중간
포밍,810,1.1,0.16,1290,1.0,0.09,15,높음
스텐각파이프,640,25.8,4.45,1030,69.9,7.22,14,높음
파이프타공,30,0.9,3.04,40,0.0,0.0,6,중간
PIPE밴딩,< 10,0.0,0.0,< 10,0.0,0.0,3,높음
창원레이저컷팅,< 10,0.0,0.0,< 10,0.0,0.0,0,낮음
각파이프가격,730,49.2,7.57,2060,190.8,10.32,15,높음
산소절단,180,1.0,0.63,330,10.3,3.17,14,높음
함체제작,60,2.6,4.82,< 10,0.3,3.71,15,높음
스텐레이저컷팅,< 10,0.4,12.5,< 10,0.0,0.0,3,높음
금속구조물제작,< 10,0.1,1.49,< 10,0.7,11.12,15,높음
스테인리스업체,10,1.3,14.82,10,0.0,0.0,3,높음
스텐업체,< 10,1.0,12.5,< 10,0.0,0.0,3,높음
스탠가공,< 10,1.0,20.0,< 10,0.0,0.0,3,높음
스텐리스제작,10,0.5,3.23,10,0.7,5.56,4,낮음
샤링절단,10,0.7,7.7,10,0.5,4.17,3,높음
와이어메쉬,1770,30.0,1.9,1560,45.3,3.26,15,높음
부품제작,10,0.1,0.4,10,0.0,0.0,15,높음
철판용접,40,0.7,1.71,50,1.0,1.89,15,높음
주방트랜치,< 10,0.0,0.0,< 10,0.0,0.0,0,낮음
CNC벤딩,20,2.5,11.45,< 10,0.0,0.0,8,중간
울산각관,10,2.3,16.67,20,0.3,1.97,3,높음
3차원레이저가공기,10,0.8,12.5,10,0.0,0.0,1,중간
울산레이저,20,0.9,4.52,80,0.4,0.44,7,중간
우드간판제작,< 10,0.0,0.0,< 10,0.7,6.67,3,높음
파이프렉,200,5.5,3.04,210,7.3,3.64,14,높음
스텐무늬판,70,0.0,0.0,10,0.0,0.0,3,높음
스텐베이스판,40,0.9,2.2,50,0.3,0.61,9,중간
레이저절단기가격,< 10,0.3,4.77,10,0.0,0.0,14,높음
천안절곡,< 10,0.0,0.0,20,0.3,1.86,7,중간
스텐파이프절단판매,20,2.8,10.61,10,0.0,0.0,11,중간
CNC모형절단,10,0.8,4.42,20,0.0,0.0,4,낮음
프레스제작,30,1.2,4.17,10,1.7,13.89,15,높음
프레스금형제작업체,< 10,0.7,9.53,< 10,0.0,0.0,3,높음
철판제작업체,< 10,0.0,0.0,< 10,0.0,0.0,3,높음
프레스제작업체,< 10,0.0,0.0,< 10,0.0,0.0,3,높음
프레스금형가공,< 10,0.0,0.0,< 10,0.0,0.0,3,높음
판금용접,60,0.8,1.51,180,1.5,0.91,15,높음
알미늄제작,10,0.0,0.0,20,0.0,0.0,10,중간
스테인레스컷팅,< 10,0.5,5.56,10,0.0,0.0,2,중간
철박스,180,3.6,2.1,250,0.5,0.21,15,높음
울산절곡,< 10,0.0,0.0,10,0.0,0.0,0,낮음
남양주절곡,< 10,0.0,0.0,< 10,0.0,0.0,0,낮음
오산절곡,< 10,1.0,50.0,< 10,0.0,0.0,1,중간
시흥절곡,< 10,0.0,0.0,< 10,0.0,0.0,1,중간
대전절곡,10,0.0,0.0,40,0.0,0.0,2,중간
이천절곡,< 10,0.0,0.0,10,0.0,0.0,1,중간
파이프피어싱,< 10,0.3,16.67,10,0.0,0.0,3,높음
핸드레일제작,20,1.9,8.11,10,0.0,0.0,14,높음
유리연마,80,0.7,0.91,250,2.0,0.86,15,높음
금속가구,60,4.8,7.87,130,9.0,6.76,15,높음
갈바제작,40,1.4,3.42,50,3.8,7.41,15,높음
제관,1150,4.3,0.42,1230,6.0,0.53,15,높음
단조핸드레일,< 10,1.7,24.57,< 10,0.0,0.0,8,중간
FIBERLASER,80,0.4,0.54,30,2.0,6.07,15,높음
스테인레스구조물,< 10,0.0,0.0,< 10,0.0,0.0,3,높음
U벤딩,< 10,0.3,7.7,< 10,0.0,0.0,3,낮음
U밴딩,10,1.2,11.12,< 10,0.0,0.0,2,중간
의료부품,< 10,0.7,13.34,< 10,0.7,7.41,3,높음
스테인레스제작업체,< 10,0.0,0.0,< 10,0.0,0.0,15,높음
